"Fecha de Emisión";"Tipo de Comprobante";"Punto de Venta";"Número de Comprobante";"Número de Comprobante Hasta";"Tipo Doc. Comprador";"Nro. Doc. Comprador";"Denominación Comprador";"Fecha de Vencimiento del Pago";"Importe Total";"Moneda Original";"Tipo de Cambio";"Importe No Gravado";"Importe Exento";"Importe de Per. o Pagos a Cta. de Otros Imp. Nac.";"Importe de Percepciones de Ingresos Brutos";"Importe de Impuestos Municipales";"Percepción a No Categorizados";"Importe de Impuestos Internos";"Importe Otros Tributos";"Neto Gravado IVA 0%";"Neto Gravado IVA 2,5%";"Importe IVA 2,5%";"Neto Gravado IVA 5%";"Importe IVA 5%";"Neto Gravado IVA 10,5%";"Importe IVA 10,5%";"Neto Gravado IVA 21%";"Importe IVA 21%";"Neto Gravado IVA 27%";"Importe IVA 27%";"Total Neto Gravado";"Total IVA"
2023-03-06;1;1;405;405;80;30717364089;"BRICONS SOCIEDAD ANONIMA INDUSTRIAL COMERCIAL FINANCIERA E INMOBILIARIA -PROBA S.A. - TECNIPISOS S.A";2023-03-06;1842910,86;"PES";1,00;0,00;0,00;0,00;0,00;0,00;0,00;0,00;0,00;;;;;;;;1523066,81;319844,03;;;1523066,81;319844,00
2023-03-08;1;1;407;407;80;30717364089;"BRICONS SOCIEDAD ANONIMA INDUSTRIAL COMERCIAL FINANCIERA E INMOBILIARIA -PROBA S.A. - TECNIPISOS S.A";2023-03-08;1380192,95;"PES";1,00;0,00;0,00;0,00;0,00;0,00;0,00;0,00;0,00;;;;;;;;1140655,33;239537,62;;;1140655,33;239537,60
2023-03-08;1;1;406;406;80;30717364089;"BRICONS SOCIEDAD ANONIMA INDUSTRIAL COMERCIAL FINANCIERA E INMOBILIARIA -PROBA S.A. - TECNIPISOS S.A";2023-03-08;1931050,64;"PES";1,00;0,00;0,00;0,00;0,00;0,00;0,00;0,00;0,00;;;;;;;;1595909,62;335141,02;;;1595909,62;335141,00
2023-03-09;1;1;408;408;80;30717364089;"BRICONS SOCIEDAD ANONIMA INDUSTRIAL COMERCIAL FINANCIERA E INMOBILIARIA -PROBA S.A. - TECNIPISOS S.A";2023-03-09;499060,98;"PES";1,00;0,00;0,00;0,00;0,00;0,00;0,00;0,00;0,00;;;;;;;;412447,10;86613,89;;;412447,10;86613,90
2023-03-17;1;1;411;411;80;30717364089;"BRICONS SOCIEDAD ANONIMA INDUSTRIAL COMERCIAL FINANCIERA E INMOBILIARIA -PROBA S.A. - TECNIPISOS S.A";2023-03-17;1822617,59;"PES";1,00;0,00;0,00;0,00;0,00;0,00;0,00;0,00;0,00;;;;;;;;1506295,52;316322,06;;;1506295,52;316322,10
2023-03-17;1;1;410;410;80;30717364089;"BRICONS SOCIEDAD ANONIMA INDUSTRIAL COMERCIAL FINANCIERA E INMOBILIARIA -PROBA S.A. - TECNIPISOS S.A";2023-03-17;666829,55;"PES";1,00;0,00;0,00;0,00;0,00;0,00;0,00;0,00;0,00;;;;;;;;551098,81;115730,75;;;551098,81;115730,80
2023-03-17;1;1;409;409;80;30717364089;"BRICONS SOCIEDAD ANONIMA INDUSTRIAL COMERCIAL FINANCIERA E INMOBILIARIA -PROBA S.A. - TECNIPISOS S.A";2023-03-17;1516615,37;"PES";1,00;0,00;0,00;0,00;0,00;0,00;0,00;0,00;0,00;;;;;;;;1253401,14;263214,24;;;1253401,14;263214,20
2023-03-17;3;1;36;36;80;30717364089;"BRICONS SOCIEDAD ANONIMA INDUSTRIAL COMERCIAL FINANCIERA E INMOBILIARIA -PROBA S.A. - TECNIPISOS S.A";2023-03-17;-1842910,86;"PES";1,00;0,00;0,00;0,00;0,00;0,00;0,00;0,00;0,00;;;;;;;;-1523066,81;-319844,03;;;-1523066,81;-319844,00
2023-03-21;6;1;41;41;80;34999032089;"GOBIERNO DE LA CIUDAD DE BUENOS AIRES";2023-03-21;296450,00;"PES";1,00;0,00;0,00;0,00;0,00;0,00;0,00;0,00;0,00;;;;;;;;245000,00;51450,00;;;245000,00;51450,00
2023-03-29;1;1;412;412;80;30717364089;"BRICONS SOCIEDAD ANONIMA INDUSTRIAL COMERCIAL FINANCIERA E INMOBILIARIA -PROBA S.A. - TECNIPISOS S.A";2023-03-29;901073,94;"PES";1,00;0,00;0,00;0,00;0,00;0,00;0,00;0,00;0,00;;;;;;;;744689,19;156384,73;;;744689,19;156384,70
2023-03-31;1;1;413;413;80;30717364089;"BRICONS SOCIEDAD ANONIMA INDUSTRIAL COMERCIAL FINANCIERA E INMOBILIARIA -PROBA S.A. - TECNIPISOS S.A";2023-03-31;466582,05;"PES";1,00;0,00;0,00;0,00;0,00;0,00;0,00;0,00;0,00;;;;;;;;385605,00;80977,05;;;385605,00;80977,10
