<?xml version="1.0" encoding="UTF-8" standalone="yes"?>
<libro_iva xmlns="http://fisca.afip.gob.ar/xml">
    <info_presentacion>
        <codigo>29503182</codigo>
        <periodo>202303</periodo>
        <secuencia>1</secuencia>
    </info_presentacion>
    <iva_compras>
        <informacion_consolidada>
            <total_compras_no_fiscal>18000.00</total_compras_no_fiscal>
            <total_cf_tur_iva>0.00</total_cf_tur_iva>
            <total_cf_tur_iva_restituir>0.00</total_cf_tur_iva_restituir>
            <total_otras_no_cred_fisc>0.00</total_otras_no_cred_fisc>
            <total_exento_no_gravado>0.04</total_exento_no_gravado>
            <total_exento_no_gravado_nc>0.00</total_exento_no_gravado_nc>
            <totales_compras>
                <total_neto_gravado>7727010.83</total_neto_gravado>
                <total_liquidado>1620861.02</total_liquidado>
                <total_computable>1620861.02</total_computable>
            </totales_compras>
            <totales_bienes_usados>
                <total_neto_gravado>0.00</total_neto_gravado>
                <total_liquidado>0.00</total_liquidado>
                <total_computable>0.00</total_computable>
            </totales_bienes_usados>
            <totales_importacion_bienes>
                <total_neto_gravado>0.00</total_neto_gravado>
                <total_liquidado>0.00</total_liquidado>
                <total_computable>0.00</total_computable>
            </totales_importacion_bienes>
            <totales_compras_mlcf_restituir>
                <total_neto_gravado>96454.90</total_neto_gravado>
                <total_liquidado>20255.53</total_liquidado>
                <total_computable>20255.53</total_computable>
            </totales_compras_mlcf_restituir>
            <totales_ajustes_segsoc_dto814_2001>
                <total_liquidado>0.00</total_liquidado>
                <total_computable>0.00</total_computable>
            </totales_ajustes_segsoc_dto814_2001>
            <totales_ajustes_segsoc_art91_ley27467>
                <total_liquidado>0.00</total_liquidado>
                <total_computable>0.00</total_computable>
            </totales_ajustes_segsoc_art91_ley27467>
            <totales_ajustes_otros>
                <total_liquidado>0.00</total_liquidado>
                <total_computable>0.00</total_computable>
            </totales_ajustes_otros>
            <totales_ajustes_terminal_POS>
                <total_liquidado>0.00</total_liquidado>
                <total_computable>0.00</total_computable>
            </totales_ajustes_terminal_POS>
            <totales_ajustes_deb_rest_otros>
                <total_neto_gravado>0.00</total_neto_gravado>
                <total_liquidado>0.00</total_liquidado>
            </totales_ajustes_deb_rest_otros>
            <totales_ajustes_deb_rest_bienes_usados>
                <total_neto_gravado>0.00</total_neto_gravado>
                <total_liquidado>0.00</total_liquidado>
            </totales_ajustes_deb_rest_bienes_usados>
        </informacion_consolidada>
    </iva_compras>
    <iva_ventas>
        <informacion_consolidada>
            <total_ventas_importes_exentos_no_gravados_excepto_exportaciones>0.00</total_ventas_importes_exentos_no_gravados_excepto_exportaciones>
            <total_ventas_exportacion>0.00</total_ventas_exportacion>
            <total_ventas_importes_exentos_no_gravados_nc_excepto_exportaciones>0.00</total_ventas_importes_exentos_no_gravados_nc_excepto_exportaciones>
            <totales_ventas_ri>
                <total_neto_gravado>9113168.52</total_neto_gravado>
                <total_liquidado>1913765.39</total_liquidado>
            </totales_ventas_ri>
            <totales_ventas_cons_fin_exento_no_alcanzado>
                <total_neto_gravado>245000.00</total_neto_gravado>
                <total_liquidado>51450.00</total_liquidado>
            </totales_ventas_cons_fin_exento_no_alcanzado>
            <totales_ventas_otros_conceptos_deb_fiscal>
                <total_neto_gravado>0.00</total_neto_gravado>
                <total_liquidado>0.00</total_liquidado>
            </totales_ventas_otros_conceptos_deb_fiscal>
            <totales_ventas_deb_perf_hecho_imponible/>
            <totales_ventas_ri_otros_rest_deb_fiscal>
                <total_neto_gravado>1523066.81</total_neto_gravado>
                <total_liquidado>319844.03</total_liquidado>
            </totales_ventas_ri_otros_rest_deb_fiscal>
            <totales_ventas_exentos_no_alcanzado_mono_cons_fin_rest_deb_fiscal>
                <total_neto_gravado>0.00</total_neto_gravado>
                <total_liquidado>0.00</total_liquidado>
            </totales_ventas_exentos_no_alcanzado_mono_cons_fin_rest_deb_fiscal>
        </informacion_consolidada>
    </iva_ventas>
    <total_debito_fiscal>1985470.92</total_debito_fiscal>
    <total_credito_fiscal>1940705.05</total_credito_fiscal>
</libro_iva>
