<?xml version="1.0" encoding="UTF-8" standalone="yes"?>
<libro_iva xmlns="http://fisca.afip.gob.ar/xml">
    <info_presentacion>
        <codigo>33906852</codigo>
        <periodo>202307</periodo>
        <secuencia>1</secuencia>
    </info_presentacion>
    <iva_compras>
        <informacion_consolidada>
            <total_compras_no_fiscal>53000.00</total_compras_no_fiscal>
            <total_cf_tur_iva>0.00</total_cf_tur_iva>
            <total_cf_tur_iva_restituir>0.00</total_cf_tur_iva_restituir>
            <total_otras_no_cred_fisc>0.00</total_otras_no_cred_fisc>
            <total_exento_no_gravado>600185.78</total_exento_no_gravado>
            <total_exento_no_gravado_nc>0.00</total_exento_no_gravado_nc>
            <totales_compras>
                <total_neto_gravado>13559603.77</total_neto_gravado>
                <total_liquidado>2653132.34</total_liquidado>
                <total_computable>2653132.34</total_computable>
            </totales_compras>
            <totales_bienes_usados>
                <total_neto_gravado>0.00</total_neto_gravado>
                <total_liquidado>0.00</total_liquidado>
                <total_computable>0.00</total_computable>
            </totales_bienes_usados>
            <totales_importacion_bienes>
                <total_neto_gravado>0.00</total_neto_gravado>
                <total_liquidado>0.00</total_liquidado>
                <total_computable>0.00</total_computable>
            </totales_importacion_bienes>
            <totales_compras_mlcf_restituir>
                <total_neto_gravado>1801560.96</total_neto_gravado>
                <total_liquidado>378327.80</total_liquidado>
                <total_computable>378327.80</total_computable>
            </totales_compras_mlcf_restituir>
            <totales_ajustes_segsoc_dto814_2001>
                <total_liquidado>0.00</total_liquidado>
                <total_computable>0.00</total_computable>
            </totales_ajustes_segsoc_dto814_2001>
            <totales_ajustes_segsoc_art91_ley27467>
                <total_liquidado>0.00</total_liquidado>
                <total_computable>0.00</total_computable>
            </totales_ajustes_segsoc_art91_ley27467>
            <totales_ajustes_otros>
                <total_liquidado>0.00</total_liquidado>
                <total_computable>0.00</total_computable>
            </totales_ajustes_otros>
            <totales_ajustes_terminal_POS>
                <total_liquidado>0.00</total_liquidado>
                <total_computable>0.00</total_computable>
            </totales_ajustes_terminal_POS>
            <totales_ajustes_deb_rest_otros>
                <total_neto_gravado>0.00</total_neto_gravado>
                <total_liquidado>0.00</total_liquidado>
            </totales_ajustes_deb_rest_otros>
            <totales_ajustes_deb_rest_bienes_usados>
                <total_neto_gravado>0.00</total_neto_gravado>
                <total_liquidado>0.00</total_liquidado>
            </totales_ajustes_deb_rest_bienes_usados>
        </informacion_consolidada>
    </iva_compras>
    <iva_ventas>
        <informacion_consolidada>
            <total_ventas_importes_exentos_no_gravados_excepto_exportaciones>0.00</total_ventas_importes_exentos_no_gravados_excepto_exportaciones>
            <total_ventas_exportacion>0.00</total_ventas_exportacion>
            <total_ventas_importes_exentos_no_gravados_nc_excepto_exportaciones>0.00</total_ventas_importes_exentos_no_gravados_nc_excepto_exportaciones>
            <totales_ventas_ri>
                <total_neto_gravado>20117727.76</total_neto_gravado>
                <total_liquidado>4224722.83</total_liquidado>
            </totales_ventas_ri>
            <totales_ventas_cons_fin_exento_no_alcanzado>
                <total_neto_gravado>0.00</total_neto_gravado>
                <total_liquidado>0.00</total_liquidado>
            </totales_ventas_cons_fin_exento_no_alcanzado>
            <totales_ventas_otros_conceptos_deb_fiscal>
                <total_neto_gravado>0.00</total_neto_gravado>
                <total_liquidado>0.00</total_liquidado>
            </totales_ventas_otros_conceptos_deb_fiscal>
            <totales_ventas_deb_perf_hecho_imponible/>
            <totales_ventas_ri_otros_rest_deb_fiscal>
                <total_neto_gravado>5286661.48</total_neto_gravado>
                <total_liquidado>1110198.91</total_liquidado>
            </totales_ventas_ri_otros_rest_deb_fiscal>
            <totales_ventas_exentos_no_alcanzado_mono_cons_fin_rest_deb_fiscal>
                <total_neto_gravado>0.00</total_neto_gravado>
                <total_liquidado>0.00</total_liquidado>
            </totales_ventas_exentos_no_alcanzado_mono_cons_fin_rest_deb_fiscal>
        </informacion_consolidada>
    </iva_ventas>
    <total_debito_fiscal>4603050.63</total_debito_fiscal>
    <total_credito_fiscal>3763331.25</total_credito_fiscal>
</libro_iva>
